{
  "contracts": {
    "BridgeToken": {
      "constructorTypes": ["string", "string", "uint8", "uint256", "address"],
      "constructorValues": ["Bridge Token", "BRIDGE", 18, 1000000, "0x742d35Cc6634C0532925a3b8D4C9db96c4b5Da5e"],
      "abiEncoded": "Generated by script"
    },
    "CrossChainBridge": {
      "constructorTypes": ["address"],
      "constructorValues": ["0x742d35Cc6634C0532925a3b8D4C9db96c4b5Da5e"],
      "abiEncoded": "Generated by script"
    }
  },
  "verificationSettings": {
    "compilerVersion": "0.8.19+commit.7dd6d404",
    "optimization": true,
    "optimizationRuns": 200,
    "evmVersion": "paris",
    "licenseType": "MIT"
  }
}
